{
    "epoch": 3.0,
    "eval_accuracy": 0.6348039215686274,
    "eval_combined_score": 0.6993353997700507,
    "eval_f1": 0.7638668779714739,
    "eval_loss": 0.673375129699707,
    "eval_runtime": 1.7326,
    "eval_samples": 408,
    "eval_samples_per_second": 235.486,
    "eval_steps_per_second": 29.436,
    "train_loss": 0.7135090703549593,
    "train_runtime": 77.3865,
    "train_samples": 3668,
    "train_samples_per_second": 142.195,
    "train_steps_per_second": 4.458
}