{
    "epoch": 3.0,
    "eval_combined_score": 0.17413622243782578,
    "eval_loss": 2.3056833744049072,
    "eval_pearson": 0.1423404495569367,
    "eval_runtime": 6.167,
    "eval_samples": 1500,
    "eval_samples_per_second": 243.228,
    "eval_spearmanr": 0.20593199531871484,
    "eval_steps_per_second": 30.485,
    "train_loss": 3.151231977674696,
    "train_runtime": 120.717,
    "train_samples": 5749,
    "train_samples_per_second": 142.871,
    "train_steps_per_second": 4.473
}