{
    "epoch": 3.0,
    "eval_accuracy": 0.8308681672025724,
    "eval_combined_score": 0.8038187793443,
    "eval_f1": 0.7767693914860276,
    "eval_loss": 0.3606674075126648,
    "eval_runtime": 162.396,
    "eval_samples": 40430,
    "eval_samples_per_second": 248.959,
    "eval_steps_per_second": 31.121,
    "train_loss": 0.4093708893458328,
    "train_runtime": 7305.883,
    "train_samples": 363846,
    "train_samples_per_second": 149.405,
    "train_steps_per_second": 4.669
}