{
    "epoch": 3.0,
    "eval_loss": 0.6119850277900696,
    "eval_matthews_correlation": 0.025690322354642595,
    "eval_runtime": 4.5502,
    "eval_samples": 1043,
    "eval_samples_per_second": 229.223,
    "eval_steps_per_second": 28.79,
    "train_loss": 0.63100177138599,
    "train_runtime": 174.8711,
    "train_samples": 8551,
    "train_samples_per_second": 146.697,
    "train_steps_per_second": 4.598
}