{
    "epoch": 3.0,
    "eval_accuracy": 0.6838235294117647,
    "eval_combined_score": 0.7474754543105675,
    "eval_f1": 0.8111273792093704,
    "eval_loss": 0.6231029629707336,
    "eval_runtime": 1.758,
    "eval_samples": 408,
    "eval_samples_per_second": 232.082,
    "eval_steps_per_second": 29.01,
    "train_loss": 0.6462182528730752,
    "train_runtime": 76.8164,
    "train_samples": 3668,
    "train_samples_per_second": 143.251,
    "train_steps_per_second": 4.491
}