{
    "epoch": 3.0,
    "eval_combined_score": 0.1944915185884964,
    "eval_loss": 2.243213176727295,
    "eval_pearson": 0.17461406914453265,
    "eval_runtime": 6.4537,
    "eval_samples": 1500,
    "eval_samples_per_second": 232.426,
    "eval_spearmanr": 0.21436896803246014,
    "eval_steps_per_second": 29.131,
    "train_loss": 3.319123317577221,
    "train_runtime": 120.889,
    "train_samples": 5749,
    "train_samples_per_second": 142.668,
    "train_steps_per_second": 4.467
}