{
    "epoch": 3.0,
    "eval_accuracy": 0.5054151624548736,
    "eval_loss": 0.7436959147453308,
    "eval_runtime": 1.2228,
    "eval_samples": 277,
    "eval_samples_per_second": 226.525,
    "eval_steps_per_second": 28.622,
    "train_loss": 0.8668321136735443,
    "train_runtime": 54.684,
    "train_samples": 2490,
    "train_samples_per_second": 136.603,
    "train_steps_per_second": 4.279
}