{
    "epoch": 3.0,
    "eval_accuracy": 0.8342567400445214,
    "eval_combined_score": 0.8104619155954675,
    "eval_f1": 0.7866670911464138,
    "eval_loss": 0.3559083640575409,
    "eval_runtime": 161.5296,
    "eval_samples": 40430,
    "eval_samples_per_second": 250.295,
    "eval_steps_per_second": 31.288,
    "train_loss": 0.4069488013677944,
    "train_runtime": 7296.6708,
    "train_samples": 363846,
    "train_samples_per_second": 149.594,
    "train_steps_per_second": 4.675
}