{
    "epoch": 3.0,
    "eval_accuracy": 0.6740196078431373,
    "eval_combined_score": 0.7360993335118571,
    "eval_f1": 0.7981790591805767,
    "eval_loss": 0.6243077516555786,
    "eval_runtime": 1.7422,
    "eval_samples": 408,
    "eval_samples_per_second": 234.18,
    "eval_steps_per_second": 29.273,
    "train_loss": 0.6774491462154665,
    "train_runtime": 77.7376,
    "train_samples": 3668,
    "train_samples_per_second": 141.553,
    "train_steps_per_second": 4.438
}