{
    "epoch": 3.0,
    "eval_accuracy": 0.5211267605633803,
    "eval_loss": 0.7022813558578491,
    "eval_runtime": 0.4207,
    "eval_samples": 71,
    "eval_samples_per_second": 168.76,
    "eval_steps_per_second": 21.392,
    "train_loss": 0.7081534067789713,
    "train_runtime": 17.6054,
    "train_samples": 635,
    "train_samples_per_second": 108.205,
    "train_steps_per_second": 3.408
}