{
    "epoch": 3.0,
    "eval_accuracy": 0.7696078431372549,
    "eval_combined_score": 0.8080065359477124,
    "eval_f1": 0.8464052287581698,
    "eval_loss": 0.5012223720550537,
    "eval_runtime": 1.3801,
    "eval_samples": 408,
    "eval_samples_per_second": 295.629,
    "eval_steps_per_second": 36.954,
    "train_loss": 0.5332623910212863,
    "train_runtime": 84.603,
    "train_samples": 3668,
    "train_samples_per_second": 130.066,
    "train_steps_per_second": 4.078
}