{
    "epoch": 3.0,
    "eval_accuracy": 0.8522172497965825,
    "eval_loss": 0.40210944414138794,
    "eval_runtime": 29.7502,
    "eval_samples": 9832,
    "eval_samples_per_second": 330.485,
    "eval_steps_per_second": 41.311,
    "train_loss": 0.4213920849812958,
    "train_runtime": 9355.4464,
    "train_samples": 392702,
    "train_samples_per_second": 125.927,
    "train_steps_per_second": 3.935
}