{
    "epoch": 3.0,
    "eval_accuracy": 0.9018550581251545,
    "eval_combined_score": 0.8864575219136854,
    "eval_f1": 0.8710599857022162,
    "eval_loss": 0.2466990053653717,
    "eval_runtime": 122.5889,
    "eval_samples": 40430,
    "eval_samples_per_second": 329.801,
    "eval_steps_per_second": 41.227,
    "train_loss": 0.24851193018619083,
    "train_runtime": 8628.2065,
    "train_samples": 363846,
    "train_samples_per_second": 126.508,
    "train_steps_per_second": 3.954
}