{
    "epoch": 3.0,
    "eval_accuracy": 0.5633802816901409,
    "eval_loss": 0.7005706429481506,
    "eval_runtime": 0.3961,
    "eval_samples": 71,
    "eval_samples_per_second": 179.236,
    "eval_steps_per_second": 22.72,
    "train_loss": 0.7059103012084961,
    "train_runtime": 18.3054,
    "train_samples": 635,
    "train_samples_per_second": 104.068,
    "train_steps_per_second": 3.278
}