{
    "epoch": 3.0,
    "eval_combined_score": 0.10779835993349099,
    "eval_loss": 2.3006629943847656,
    "eval_pearson": 0.09697242814412321,
    "eval_runtime": 6.2211,
    "eval_samples": 1500,
    "eval_samples_per_second": 241.117,
    "eval_spearmanr": 0.11862429172285878,
    "eval_steps_per_second": 30.22,
    "train_loss": 3.4219014203106917,
    "train_runtime": 120.8633,
    "train_samples": 5749,
    "train_samples_per_second": 142.698,
    "train_steps_per_second": 4.468
}