{
    "epoch": 3.0,
    "eval_loss": 0.6227493286132812,
    "eval_matthews_correlation": 0.04161454566059593,
    "eval_runtime": 4.3054,
    "eval_samples": 1043,
    "eval_samples_per_second": 242.255,
    "eval_steps_per_second": 30.427,
    "train_loss": 0.6602525473827153,
    "train_runtime": 175.7111,
    "train_samples": 8551,
    "train_samples_per_second": 145.995,
    "train_steps_per_second": 4.576
}