{
    "epoch": 3.0,
    "eval_accuracy": 0.8251545881770962,
    "eval_combined_score": 0.7982772585163203,
    "eval_f1": 0.7713999288555444,
    "eval_loss": 0.3723820149898529,
    "eval_runtime": 164.8682,
    "eval_samples": 40430,
    "eval_samples_per_second": 245.226,
    "eval_steps_per_second": 30.655,
    "train_loss": 0.4267098822652537,
    "train_runtime": 7334.6024,
    "train_samples": 363846,
    "train_samples_per_second": 148.82,
    "train_steps_per_second": 4.651
}