{
    "epoch": 3.0,
    "eval_accuracy": 0.8270096463022508,
    "eval_combined_score": 0.8035293529957697,
    "eval_f1": 0.7800490596892886,
    "eval_loss": 0.366192489862442,
    "eval_runtime": 166.3667,
    "eval_samples": 40430,
    "eval_samples_per_second": 243.017,
    "eval_steps_per_second": 30.379,
    "train_loss": 0.42314282016599275,
    "train_runtime": 7338.4252,
    "train_samples": 363846,
    "train_samples_per_second": 148.743,
    "train_steps_per_second": 4.649
}