{
    "epoch": 3.0,
    "eval_accuracy": 0.6838235294117647,
    "eval_combined_score": 0.7471981083182171,
    "eval_f1": 0.8105726872246696,
    "eval_loss": 0.6312378644943237,
    "eval_runtime": 1.6915,
    "eval_samples": 408,
    "eval_samples_per_second": 241.21,
    "eval_steps_per_second": 30.151,
    "train_loss": 0.6491374582484148,
    "train_runtime": 77.1679,
    "train_samples": 3668,
    "train_samples_per_second": 142.598,
    "train_steps_per_second": 4.471
}