{
    "epoch": 3.0,
    "eval_accuracy": 0.6642156862745098,
    "eval_combined_score": 0.7278460470946368,
    "eval_f1": 0.791476407914764,
    "eval_loss": 0.6373769640922546,
    "eval_runtime": 1.7582,
    "eval_samples": 408,
    "eval_samples_per_second": 232.052,
    "eval_steps_per_second": 29.006,
    "train_loss": 0.6898825382840806,
    "train_runtime": 77.4425,
    "train_samples": 3668,
    "train_samples_per_second": 142.093,
    "train_steps_per_second": 4.455
}