{
    "epoch": 3.0,
    "eval_accuracy": 0.9002293577981652,
    "eval_loss": 0.26331648230552673,
    "eval_runtime": 3.706,
    "eval_samples": 872,
    "eval_samples_per_second": 235.291,
    "eval_steps_per_second": 29.411,
    "train_loss": 0.39792893289670245,
    "train_runtime": 1355.3097,
    "train_samples": 67349,
    "train_samples_per_second": 149.078,
    "train_steps_per_second": 4.659
}