{
    "epoch": 3.0,
    "eval_accuracy": 0.5270758122743683,
    "eval_loss": 1.454150676727295,
    "eval_runtime": 1.277,
    "eval_samples": 277,
    "eval_samples_per_second": 216.912,
    "eval_steps_per_second": 27.408,
    "train_loss": 1.5087002485226362,
    "train_runtime": 54.33,
    "train_samples": 2490,
    "train_samples_per_second": 137.493,
    "train_steps_per_second": 4.307
}