{
    "epoch": 3.0,
    "eval_accuracy": 0.4729241877256318,
    "eval_loss": 1.9793965816497803,
    "eval_runtime": 1.2529,
    "eval_samples": 277,
    "eval_samples_per_second": 221.078,
    "eval_steps_per_second": 27.934,
    "train_loss": 1.9062296549479167,
    "train_runtime": 54.7644,
    "train_samples": 2490,
    "train_samples_per_second": 136.403,
    "train_steps_per_second": 4.273
}