{
    "epoch": 3.0,
    "eval_accuracy": 0.6813725490196079,
    "eval_combined_score": 0.7459340879208827,
    "eval_f1": 0.8104956268221574,
    "eval_loss": 0.6419116854667664,
    "eval_runtime": 1.7937,
    "eval_samples": 408,
    "eval_samples_per_second": 227.463,
    "eval_steps_per_second": 28.433,
    "train_loss": 0.6519481714221015,
    "train_runtime": 77.3892,
    "train_samples": 3668,
    "train_samples_per_second": 142.19,
    "train_steps_per_second": 4.458
}