{
    "epoch": 3.0,
    "eval_accuracy": 0.8321048726193421,
    "eval_combined_score": 0.8056712733071993,
    "eval_f1": 0.7792376739950565,
    "eval_loss": 0.3612908720970154,
    "eval_runtime": 165.6152,
    "eval_samples": 40430,
    "eval_samples_per_second": 244.12,
    "eval_steps_per_second": 30.517,
    "train_loss": 0.4211151201995553,
    "train_runtime": 7334.5489,
    "train_samples": 363846,
    "train_samples_per_second": 148.821,
    "train_steps_per_second": 4.651
}