{
    "epoch": 3.0,
    "eval_loss": 0.5917439460754395,
    "eval_matthews_correlation": 0.15727244565341028,
    "eval_runtime": 4.3725,
    "eval_samples": 1043,
    "eval_samples_per_second": 238.539,
    "eval_steps_per_second": 29.96,
    "train_loss": 0.605001686817378,
    "train_runtime": 175.3527,
    "train_samples": 8551,
    "train_samples_per_second": 146.294,
    "train_steps_per_second": 4.585
}