{
    "epoch": 3.0,
    "eval_combined_score": -0.08562222013335861,
    "eval_loss": 3.1654043197631836,
    "eval_pearson": -0.08390010604574705,
    "eval_runtime": 6.3171,
    "eval_samples": 1500,
    "eval_samples_per_second": 237.449,
    "eval_spearmanr": -0.08734433422097018,
    "eval_steps_per_second": 29.76,
    "train_loss": 4.713839015254268,
    "train_runtime": 120.4196,
    "train_samples": 5749,
    "train_samples_per_second": 143.224,
    "train_steps_per_second": 4.484
}