{
    "epoch": 3.0,
    "eval_accuracy": 0.6372549019607843,
    "eval_combined_score": 0.7044299201161945,
    "eval_f1": 0.7716049382716049,
    "eval_loss": 0.8591844439506531,
    "eval_runtime": 1.7718,
    "eval_samples": 408,
    "eval_samples_per_second": 230.28,
    "eval_steps_per_second": 28.785,
    "train_loss": 0.9122030506963316,
    "train_runtime": 77.326,
    "train_samples": 3668,
    "train_samples_per_second": 142.307,
    "train_steps_per_second": 4.462
}