{
    "epoch": 3.0,
    "eval_accuracy": 0.43661971830985913,
    "eval_loss": 2.2025396823883057,
    "eval_runtime": 0.4125,
    "eval_samples": 71,
    "eval_samples_per_second": 172.121,
    "eval_steps_per_second": 21.818,
    "train_loss": 1.9493209838867187,
    "train_runtime": 17.9833,
    "train_samples": 635,
    "train_samples_per_second": 105.932,
    "train_steps_per_second": 3.336
}