{
    "epoch": 3.0,
    "eval_loss": 0.7583465576171875,
    "eval_matthews_correlation": 0.0620357504897946,
    "eval_runtime": 4.4084,
    "eval_samples": 1043,
    "eval_samples_per_second": 236.593,
    "eval_steps_per_second": 29.716,
    "train_loss": 0.9380187608709383,
    "train_runtime": 175.3253,
    "train_samples": 8551,
    "train_samples_per_second": 146.317,
    "train_steps_per_second": 4.586
}