{
    "epoch": 3.0,
    "eval_accuracy": 0.829087311402424,
    "eval_combined_score": 0.8039199364389169,
    "eval_f1": 0.7787525614754098,
    "eval_loss": 0.3648768365383148,
    "eval_runtime": 165.867,
    "eval_samples": 40430,
    "eval_samples_per_second": 243.749,
    "eval_steps_per_second": 30.47,
    "train_loss": 0.43468551651397735,
    "train_runtime": 7317.9397,
    "train_samples": 363846,
    "train_samples_per_second": 149.159,
    "train_steps_per_second": 4.662
}