{
    "epoch": 3.0,
    "eval_accuracy": 0.6838235294117647,
    "eval_combined_score": 0.7480253018237863,
    "eval_f1": 0.8122270742358079,
    "eval_loss": 0.650582492351532,
    "eval_runtime": 1.7346,
    "eval_samples": 408,
    "eval_samples_per_second": 235.219,
    "eval_steps_per_second": 29.402,
    "train_loss": 0.6582408518031023,
    "train_runtime": 77.4334,
    "train_samples": 3668,
    "train_samples_per_second": 142.109,
    "train_steps_per_second": 4.455
}