{
    "epoch": 3.0,
    "eval_combined_score": 0.23537412577451805,
    "eval_loss": 9.56057071685791,
    "eval_pearson": 0.2468677467119073,
    "eval_runtime": 6.406,
    "eval_samples": 1500,
    "eval_samples_per_second": 234.157,
    "eval_spearmanr": 0.22388050483712882,
    "eval_steps_per_second": 29.348,
    "train_loss": 15.459023313169126,
    "train_runtime": 121.1175,
    "train_samples": 5749,
    "train_samples_per_second": 142.399,
    "train_steps_per_second": 4.458
}