{
    "epoch": 3.0,
    "eval_accuracy": 0.43661971830985913,
    "eval_loss": 2.2155022621154785,
    "eval_runtime": 0.419,
    "eval_samples": 71,
    "eval_samples_per_second": 169.433,
    "eval_steps_per_second": 21.477,
    "train_loss": 1.9408526102701822,
    "train_runtime": 18.1664,
    "train_samples": 635,
    "train_samples_per_second": 104.864,
    "train_steps_per_second": 3.303
}