{
    "epoch": 3.0,
    "eval_accuracy": 0.8229779866435815,
    "eval_combined_score": 0.7973968524003815,
    "eval_f1": 0.7718157181571815,
    "eval_loss": 0.369810551404953,
    "eval_runtime": 164.2343,
    "eval_samples": 40430,
    "eval_samples_per_second": 246.173,
    "eval_steps_per_second": 30.773,
    "train_loss": 0.4462189426544568,
    "train_runtime": 7307.3402,
    "train_samples": 363846,
    "train_samples_per_second": 149.376,
    "train_steps_per_second": 4.668
}