{
    "epoch": 3.0,
    "eval_accuracy": 0.6470588235294118,
    "eval_combined_score": 0.7124183006535948,
    "eval_f1": 0.7777777777777778,
    "eval_loss": 0.8976463675498962,
    "eval_runtime": 1.8822,
    "eval_samples": 408,
    "eval_samples_per_second": 216.767,
    "eval_steps_per_second": 27.096,
    "train_loss": 0.9304767995640851,
    "train_runtime": 77.8183,
    "train_samples": 3668,
    "train_samples_per_second": 141.406,
    "train_steps_per_second": 4.433
}