{
    "epoch": 3.0,
    "eval_accuracy": 0.8313628493692803,
    "eval_combined_score": 0.8047258199456739,
    "eval_f1": 0.7780887905220675,
    "eval_loss": 0.3623256981372833,
    "eval_runtime": 163.8869,
    "eval_samples": 40430,
    "eval_samples_per_second": 246.695,
    "eval_steps_per_second": 30.838,
    "train_loss": 0.42214520420048407,
    "train_runtime": 7345.6502,
    "train_samples": 363846,
    "train_samples_per_second": 148.597,
    "train_steps_per_second": 4.644
}