{
    "epoch": 3.0,
    "eval_loss": 0.5917238593101501,
    "eval_matthews_correlation": 0.15727244565341028,
    "eval_runtime": 4.3827,
    "eval_samples": 1043,
    "eval_samples_per_second": 237.981,
    "eval_steps_per_second": 29.89,
    "train_loss": 0.604956726529705,
    "train_runtime": 174.9173,
    "train_samples": 8551,
    "train_samples_per_second": 146.658,
    "train_steps_per_second": 4.596
}