{
    "epoch": 3.0,
    "eval_accuracy": 0.48375451263537905,
    "eval_loss": 0.7488523125648499,
    "eval_runtime": 1.2522,
    "eval_samples": 277,
    "eval_samples_per_second": 221.216,
    "eval_steps_per_second": 27.952,
    "train_loss": 0.7512188120784923,
    "train_runtime": 54.6963,
    "train_samples": 2490,
    "train_samples_per_second": 136.572,
    "train_steps_per_second": 4.278
}