{
    "epoch": 3.0,
    "eval_accuracy": 0.8315854563442988,
    "eval_combined_score": 0.8057109226300665,
    "eval_f1": 0.7798363889158341,
    "eval_loss": 0.3567238748073578,
    "eval_runtime": 161.5382,
    "eval_samples": 40430,
    "eval_samples_per_second": 250.281,
    "eval_steps_per_second": 31.287,
    "train_loss": 0.42410381143697595,
    "train_runtime": 7377.1879,
    "train_samples": 363846,
    "train_samples_per_second": 147.961,
    "train_steps_per_second": 4.624
}