{
    "epoch": 3.0,
    "eval_accuracy": 0.47794117647058826,
    "eval_combined_score": 0.5007155546782471,
    "eval_f1": 0.523489932885906,
    "eval_loss": 0.8827943801879883,
    "eval_runtime": 1.7344,
    "eval_samples": 408,
    "eval_samples_per_second": 235.234,
    "eval_steps_per_second": 29.404,
    "train_loss": 1.0446535856827446,
    "train_runtime": 78.6521,
    "train_samples": 3668,
    "train_samples_per_second": 139.907,
    "train_steps_per_second": 4.386
}