{
    "epoch": 3.0,
    "eval_loss": 0.8154647946357727,
    "eval_matthews_correlation": -0.09072831241283218,
    "eval_runtime": 4.4105,
    "eval_samples": 1043,
    "eval_samples_per_second": 236.482,
    "eval_steps_per_second": 29.702,
    "train_loss": 1.6479677038999339,
    "train_runtime": 176.6818,
    "train_samples": 8551,
    "train_samples_per_second": 145.193,
    "train_steps_per_second": 4.551
}