{
    "epoch": 3.0,
    "eval_combined_score": 0.07252266507298188,
    "eval_loss": 2.6342177391052246,
    "eval_pearson": 0.0711224784849803,
    "eval_runtime": 6.3648,
    "eval_samples": 1500,
    "eval_samples_per_second": 235.671,
    "eval_spearmanr": 0.07392285166098349,
    "eval_steps_per_second": 29.537,
    "train_loss": 4.336223630551939,
    "train_runtime": 120.9586,
    "train_samples": 5749,
    "train_samples_per_second": 142.586,
    "train_steps_per_second": 4.464
}