{
    "epoch": 3.0,
    "eval_combined_score": 0.8434734476775387,
    "eval_loss": 0.6543415784835815,
    "eval_pearson": 0.8427534523086021,
    "eval_runtime": 4.7468,
    "eval_samples": 1500,
    "eval_samples_per_second": 316.001,
    "eval_spearmanr": 0.8441934430464755,
    "eval_steps_per_second": 39.605,
    "train_loss": 0.8957413744043421,
    "train_runtime": 137.3975,
    "train_samples": 5749,
    "train_samples_per_second": 125.526,
    "train_steps_per_second": 3.93
}