{
    "epoch": 3.0,
    "eval_accuracy": 0.9022013356418501,
    "eval_combined_score": 0.8866234647682867,
    "eval_f1": 0.8710455938947231,
    "eval_loss": 0.2453772872686386,
    "eval_runtime": 125.1045,
    "eval_samples": 40430,
    "eval_samples_per_second": 323.17,
    "eval_steps_per_second": 40.398,
    "train_loss": 0.2446868611777101,
    "train_runtime": 8633.8233,
    "train_samples": 363846,
    "train_samples_per_second": 126.426,
    "train_steps_per_second": 3.951
}