{
    "epoch": 3.0,
    "eval_accuracy": 0.7720588235294118,
    "eval_combined_score": 0.8104196556671449,
    "eval_f1": 0.848780487804878,
    "eval_loss": 0.4916350543498993,
    "eval_runtime": 1.3609,
    "eval_samples": 408,
    "eval_samples_per_second": 299.795,
    "eval_steps_per_second": 37.474,
    "train_loss": 0.5143283567566802,
    "train_runtime": 83.6769,
    "train_samples": 3668,
    "train_samples_per_second": 131.506,
    "train_steps_per_second": 4.123
}