{
    "epoch": 3.0,
    "eval_accuracy": 0.7745098039215687,
    "eval_combined_score": 0.8100736939070932,
    "eval_f1": 0.8456375838926176,
    "eval_loss": 0.47657933831214905,
    "eval_runtime": 1.3873,
    "eval_samples": 408,
    "eval_samples_per_second": 294.1,
    "eval_steps_per_second": 36.763,
    "train_loss": 0.49554522970448367,
    "train_runtime": 84.0827,
    "train_samples": 3668,
    "train_samples_per_second": 130.871,
    "train_steps_per_second": 4.103
}