{
    "epoch": 3.0,
    "eval_accuracy": 0.8998763294583231,
    "eval_combined_score": 0.8839711482374074,
    "eval_f1": 0.8680659670164917,
    "eval_loss": 0.2463860660791397,
    "eval_runtime": 125.0151,
    "eval_samples": 40430,
    "eval_samples_per_second": 323.401,
    "eval_steps_per_second": 40.427,
    "train_loss": 0.2530247804563837,
    "train_runtime": 8645.9232,
    "train_samples": 363846,
    "train_samples_per_second": 126.249,
    "train_steps_per_second": 3.946
}