{
    "epoch": 3.0,
    "eval_combined_score": 0.8407780227002226,
    "eval_loss": 0.667585551738739,
    "eval_pearson": 0.8401845786400197,
    "eval_runtime": 4.7743,
    "eval_samples": 1500,
    "eval_samples_per_second": 314.185,
    "eval_spearmanr": 0.8413714667604255,
    "eval_steps_per_second": 39.378,
    "train_loss": 0.8750126874005353,
    "train_runtime": 137.2912,
    "train_samples": 5749,
    "train_samples_per_second": 125.624,
    "train_steps_per_second": 3.933
}