{
    "epoch": 3.0,
    "eval_accuracy": 0.352112676056338,
    "eval_loss": 0.7281491756439209,
    "eval_runtime": 0.3731,
    "eval_samples": 71,
    "eval_samples_per_second": 190.276,
    "eval_steps_per_second": 24.119,
    "train_loss": 0.7018456141153971,
    "train_runtime": 15.7869,
    "train_samples": 635,
    "train_samples_per_second": 120.67,
    "train_steps_per_second": 3.801
}