{
    "epoch": 3.0,
    "eval_accuracy": 0.9426605504587156,
    "eval_loss": 0.23183006048202515,
    "eval_runtime": 2.8848,
    "eval_samples": 872,
    "eval_samples_per_second": 302.276,
    "eval_steps_per_second": 37.784,
    "train_loss": 0.15541992670755395,
    "train_runtime": 1590.6749,
    "train_samples": 67349,
    "train_samples_per_second": 127.02,
    "train_steps_per_second": 3.97
}