{
    "epoch": 3.0,
    "eval_accuracy": 0.9009151620084096,
    "eval_combined_score": 0.885610391157015,
    "eval_f1": 0.8703056203056203,
    "eval_loss": 0.2460186779499054,
    "eval_runtime": 125.1445,
    "eval_samples": 40430,
    "eval_samples_per_second": 323.067,
    "eval_steps_per_second": 40.385,
    "train_loss": 0.24678178242138904,
    "train_runtime": 8642.278,
    "train_samples": 363846,
    "train_samples_per_second": 126.302,
    "train_steps_per_second": 3.947
}