{
    "epoch": 3.0,
    "eval_combined_score": 0.13154809810319013,
    "eval_loss": 2.2948081493377686,
    "eval_pearson": 0.11169199221117651,
    "eval_runtime": 6.2495,
    "eval_samples": 1500,
    "eval_samples_per_second": 240.021,
    "eval_spearmanr": 0.15140420399520374,
    "eval_steps_per_second": 30.083,
    "train_loss": 3.2062030227095994,
    "train_runtime": 120.6744,
    "train_samples": 5749,
    "train_samples_per_second": 142.922,
    "train_steps_per_second": 4.475
}