{
    "epoch": 3.0,
    "eval_accuracy": 0.6348039215686274,
    "eval_combined_score": 0.6962637494021999,
    "eval_f1": 0.7577235772357724,
    "eval_loss": 0.6852902173995972,
    "eval_runtime": 1.7184,
    "eval_samples": 408,
    "eval_samples_per_second": 237.436,
    "eval_steps_per_second": 29.679,
    "train_loss": 0.7272755498471467,
    "train_runtime": 77.7221,
    "train_samples": 3668,
    "train_samples_per_second": 141.581,
    "train_steps_per_second": 4.439
}