{
    "epoch": 3.0,
    "eval_combined_score": 0.27728609784966496,
    "eval_loss": 2.1549417972564697,
    "eval_pearson": 0.2505042103283388,
    "eval_runtime": 6.1674,
    "eval_samples": 1500,
    "eval_samples_per_second": 243.213,
    "eval_spearmanr": 0.3040679853709911,
    "eval_steps_per_second": 30.483,
    "train_loss": 4.831423173127351,
    "train_runtime": 120.8608,
    "train_samples": 5749,
    "train_samples_per_second": 142.701,
    "train_steps_per_second": 4.468
}