{
    "epoch": 3.0,
    "eval_accuracy": 0.8156690463115505,
    "eval_loss": 0.41723743081092834,
    "eval_runtime": 21.2701,
    "eval_samples": 5463,
    "eval_samples_per_second": 256.839,
    "eval_steps_per_second": 32.111,
    "train_loss": 0.5181330651912639,
    "train_runtime": 2100.3521,
    "train_samples": 104743,
    "train_samples_per_second": 149.608,
    "train_steps_per_second": 4.676
}