{
    "epoch": 3.0,
    "eval_combined_score": 0.8584015831756555,
    "eval_loss": 0.5909973382949829,
    "eval_pearson": 0.8597935205214514,
    "eval_runtime": 4.9037,
    "eval_samples": 1500,
    "eval_samples_per_second": 305.893,
    "eval_spearmanr": 0.8570096458298595,
    "eval_steps_per_second": 38.339,
    "train_loss": 1.1660734989024975,
    "train_runtime": 139.1189,
    "train_samples": 5749,
    "train_samples_per_second": 123.973,
    "train_steps_per_second": 3.882
}