{
    "epoch": 3.0,
    "eval_accuracy": 0.9004210140948197,
    "eval_loss": 0.25470468401908875,
    "eval_runtime": 17.2827,
    "eval_samples": 5463,
    "eval_samples_per_second": 316.096,
    "eval_steps_per_second": 39.519,
    "train_loss": 0.32102568371430407,
    "train_runtime": 2519.1016,
    "train_samples": 104743,
    "train_samples_per_second": 124.739,
    "train_steps_per_second": 3.899
}