{
    "epoch": 3.0,
    "eval_loss": 0.5073006749153137,
    "eval_matthews_correlation": 0.4651155338160835,
    "eval_runtime": 3.4179,
    "eval_samples": 1043,
    "eval_samples_per_second": 305.158,
    "eval_steps_per_second": 38.328,
    "train_loss": 0.4922877923766179,
    "train_runtime": 202.1078,
    "train_samples": 8551,
    "train_samples_per_second": 126.927,
    "train_steps_per_second": 3.978
}