{
    "epoch": 3.0,
    "eval_combined_score": 0.8321085604203312,
    "eval_loss": 0.7187818884849548,
    "eval_pearson": 0.830783521509038,
    "eval_runtime": 4.9425,
    "eval_samples": 1500,
    "eval_samples_per_second": 303.489,
    "eval_spearmanr": 0.8334335993316244,
    "eval_steps_per_second": 38.037,
    "train_loss": 0.9840765493887442,
    "train_runtime": 139.3706,
    "train_samples": 5749,
    "train_samples_per_second": 123.749,
    "train_steps_per_second": 3.875
}