{
    "epoch": 3.0,
    "eval_accuracy": 0.352112676056338,
    "eval_loss": 0.7486535906791687,
    "eval_runtime": 0.3374,
    "eval_samples": 71,
    "eval_samples_per_second": 210.416,
    "eval_steps_per_second": 26.672,
    "train_loss": 0.7878760655721029,
    "train_runtime": 15.9414,
    "train_samples": 635,
    "train_samples_per_second": 119.501,
    "train_steps_per_second": 3.764
}