{
    "epoch": 3.0,
    "eval_accuracy": 0.9357798165137615,
    "eval_loss": 0.2501063644886017,
    "eval_runtime": 2.8367,
    "eval_samples": 872,
    "eval_samples_per_second": 307.394,
    "eval_steps_per_second": 38.424,
    "train_loss": 0.1697767105162946,
    "train_runtime": 1599.9886,
    "train_samples": 67349,
    "train_samples_per_second": 126.28,
    "train_steps_per_second": 3.947
}