{
    "epoch": 3.0,
    "eval_accuracy": 0.9403669724770642,
    "eval_loss": 0.2467360496520996,
    "eval_runtime": 2.8815,
    "eval_samples": 872,
    "eval_samples_per_second": 302.625,
    "eval_steps_per_second": 37.828,
    "train_loss": 0.1692817271180504,
    "train_runtime": 1609.4908,
    "train_samples": 67349,
    "train_samples_per_second": 125.535,
    "train_steps_per_second": 3.924
}