{
    "epoch": 3.0,
    "eval_accuracy": 0.8949789760079149,
    "eval_combined_score": 0.8795882534360563,
    "eval_f1": 0.8641975308641977,
    "eval_loss": 0.25194022059440613,
    "eval_runtime": 129.048,
    "eval_samples": 40430,
    "eval_samples_per_second": 313.294,
    "eval_steps_per_second": 39.164,
    "train_loss": 0.2646410412612686,
    "train_runtime": 8760.0554,
    "train_samples": 363846,
    "train_samples_per_second": 124.604,
    "train_steps_per_second": 3.894
}