{
    "epoch": 3.0,
    "eval_accuracy": 0.895424189957952,
    "eval_combined_score": 0.8798904716231852,
    "eval_f1": 0.8643567532884184,
    "eval_loss": 0.25260987877845764,
    "eval_runtime": 128.5519,
    "eval_samples": 40430,
    "eval_samples_per_second": 314.503,
    "eval_steps_per_second": 39.315,
    "train_loss": 0.2709909180826329,
    "train_runtime": 8730.1438,
    "train_samples": 363846,
    "train_samples_per_second": 125.031,
    "train_steps_per_second": 3.907
}