{
    "epoch": 3.0,
    "eval_combined_score": 0.8445293743613633,
    "eval_loss": 0.6475787162780762,
    "eval_pearson": 0.8441577571458885,
    "eval_runtime": 4.8653,
    "eval_samples": 1500,
    "eval_samples_per_second": 308.309,
    "eval_spearmanr": 0.8449009915768381,
    "eval_steps_per_second": 38.641,
    "train_loss": 1.0015681619997379,
    "train_runtime": 138.4291,
    "train_samples": 5749,
    "train_samples_per_second": 124.591,
    "train_steps_per_second": 3.901
}