{
    "epoch": 3.0,
    "eval_accuracy": 0.7598039215686274,
    "eval_combined_score": 0.8008697027197976,
    "eval_f1": 0.8419354838709678,
    "eval_loss": 0.5002145171165466,
    "eval_runtime": 1.4196,
    "eval_samples": 408,
    "eval_samples_per_second": 287.398,
    "eval_steps_per_second": 35.925,
    "train_loss": 0.5247899594514266,
    "train_runtime": 84.6257,
    "train_samples": 3668,
    "train_samples_per_second": 130.031,
    "train_steps_per_second": 4.077
}