{
    "epoch": 3.0,
    "eval_accuracy": 0.7769607843137255,
    "eval_combined_score": 0.8144966523194643,
    "eval_f1": 0.8520325203252033,
    "eval_loss": 0.4989398419857025,
    "eval_runtime": 1.4156,
    "eval_samples": 408,
    "eval_samples_per_second": 288.209,
    "eval_steps_per_second": 36.026,
    "train_loss": 0.5327694215636323,
    "train_runtime": 85.2254,
    "train_samples": 3668,
    "train_samples_per_second": 129.116,
    "train_steps_per_second": 4.048
}