{
    "epoch": 3.0,
    "eval_accuracy": 0.3380281690140845,
    "eval_loss": 0.7313254475593567,
    "eval_runtime": 0.3251,
    "eval_samples": 71,
    "eval_samples_per_second": 218.427,
    "eval_steps_per_second": 27.688,
    "train_loss": 0.7039786020914713,
    "train_runtime": 16.0994,
    "train_samples": 635,
    "train_samples_per_second": 118.328,
    "train_steps_per_second": 3.727
}