{
    "epoch": 3.0,
    "eval_accuracy": 0.8976007914914668,
    "eval_combined_score": 0.8819830942609045,
    "eval_f1": 0.8663653970303422,
    "eval_loss": 0.24911046028137207,
    "eval_runtime": 126.2021,
    "eval_samples": 40430,
    "eval_samples_per_second": 320.359,
    "eval_steps_per_second": 40.047,
    "train_loss": 0.2641560962079743,
    "train_runtime": 8699.9145,
    "train_samples": 363846,
    "train_samples_per_second": 125.465,
    "train_steps_per_second": 3.921
}