{
    "epoch": 3.0,
    "eval_accuracy": 0.9151376146788991,
    "eval_loss": 0.246596097946167,
    "eval_runtime": 3.5757,
    "eval_samples": 872,
    "eval_samples_per_second": 243.867,
    "eval_steps_per_second": 30.483,
    "train_loss": 0.3818573819581045,
    "train_runtime": 1351.4875,
    "train_samples": 67349,
    "train_samples_per_second": 149.5,
    "train_steps_per_second": 4.673
}