{
    "epoch": 3.0,
    "eval_loss": 0.6107634902000427,
    "eval_matthews_correlation": 0.025690322354642595,
    "eval_runtime": 4.4802,
    "eval_samples": 1043,
    "eval_samples_per_second": 232.804,
    "eval_steps_per_second": 29.24,
    "train_loss": 0.6285952098334013,
    "train_runtime": 176.8185,
    "train_samples": 8551,
    "train_samples_per_second": 145.081,
    "train_steps_per_second": 4.547
}