{
    "epoch": 3.0,
    "eval_accuracy": 0.6838235294117647,
    "eval_combined_score": 0.7449192835028748,
    "eval_f1": 0.8060150375939851,
    "eval_loss": 0.6207378506660461,
    "eval_runtime": 1.7683,
    "eval_samples": 408,
    "eval_samples_per_second": 230.729,
    "eval_steps_per_second": 28.841,
    "train_loss": 0.6778876263162364,
    "train_runtime": 78.3854,
    "train_samples": 3668,
    "train_samples_per_second": 140.383,
    "train_steps_per_second": 4.401
}