{
    "epoch": 3.0,
    "eval_loss": 0.6161549687385559,
    "eval_matthews_correlation": 0.0592680243795702,
    "eval_runtime": 4.2213,
    "eval_samples": 1043,
    "eval_samples_per_second": 247.083,
    "eval_steps_per_second": 31.033,
    "train_loss": 0.6540460728887302,
    "train_runtime": 175.7384,
    "train_samples": 8551,
    "train_samples_per_second": 145.973,
    "train_steps_per_second": 4.575
}