{
    "epoch": 3.0,
    "eval_accuracy": 0.5018050541516246,
    "eval_loss": 0.7649598121643066,
    "eval_runtime": 1.2266,
    "eval_samples": 277,
    "eval_samples_per_second": 225.831,
    "eval_steps_per_second": 28.535,
    "train_loss": 0.9247522598657852,
    "train_runtime": 53.935,
    "train_samples": 2490,
    "train_samples_per_second": 138.5,
    "train_steps_per_second": 4.339
}