{
    "epoch": 3.0,
    "eval_accuracy": 0.8318327974276527,
    "eval_combined_score": 0.8051149254893551,
    "eval_f1": 0.7783970535510576,
    "eval_loss": 0.3588749170303345,
    "eval_runtime": 162.5243,
    "eval_samples": 40430,
    "eval_samples_per_second": 248.763,
    "eval_steps_per_second": 31.097,
    "train_loss": 0.4092320634623133,
    "train_runtime": 7312.0018,
    "train_samples": 363846,
    "train_samples_per_second": 149.28,
    "train_steps_per_second": 4.665
}