{
    "epoch": 3.0,
    "eval_accuracy": 0.7704434499593165,
    "eval_loss": 0.5694766640663147,
    "eval_runtime": 39.6588,
    "eval_samples": 9832,
    "eval_samples_per_second": 247.915,
    "eval_steps_per_second": 30.989,
    "train_loss": 0.7197134655385057,
    "train_runtime": 7912.9723,
    "train_samples": 392702,
    "train_samples_per_second": 148.883,
    "train_steps_per_second": 4.653
}