{
    "epoch": 3.0,
    "eval_combined_score": 0.19971980843717005,
    "eval_loss": 2.2602827548980713,
    "eval_pearson": 0.17199212915172268,
    "eval_runtime": 6.1646,
    "eval_samples": 1500,
    "eval_samples_per_second": 243.326,
    "eval_spearmanr": 0.22744748772261741,
    "eval_steps_per_second": 30.497,
    "train_loss": 3.081634351942274,
    "train_runtime": 121.895,
    "train_samples": 5749,
    "train_samples_per_second": 141.491,
    "train_steps_per_second": 4.43
}