{
    "epoch": 3.0,
    "eval_combined_score": 0.31531086235867806,
    "eval_loss": 2.1006243228912354,
    "eval_pearson": 0.29216761422321097,
    "eval_runtime": 6.2355,
    "eval_samples": 1500,
    "eval_samples_per_second": 240.558,
    "eval_spearmanr": 0.33845411049414514,
    "eval_steps_per_second": 30.15,
    "train_loss": 4.507547350283022,
    "train_runtime": 120.2405,
    "train_samples": 5749,
    "train_samples_per_second": 143.438,
    "train_steps_per_second": 4.491
}