{
    "epoch": 3.0,
    "eval_accuracy": 0.911697247706422,
    "eval_loss": 0.24264512956142426,
    "eval_runtime": 3.5836,
    "eval_samples": 872,
    "eval_samples_per_second": 243.327,
    "eval_steps_per_second": 30.416,
    "train_loss": 0.3485830625653361,
    "train_runtime": 1352.7742,
    "train_samples": 67349,
    "train_samples_per_second": 149.358,
    "train_steps_per_second": 4.668
}