{
    "epoch": 3.0,
    "eval_combined_score": 0.24554443313296928,
    "eval_loss": 8.914054870605469,
    "eval_pearson": 0.2584520706962745,
    "eval_runtime": 6.38,
    "eval_samples": 1500,
    "eval_samples_per_second": 235.111,
    "eval_spearmanr": 0.23263679556966405,
    "eval_steps_per_second": 29.467,
    "train_loss": 14.257217124656394,
    "train_runtime": 121.1325,
    "train_samples": 5749,
    "train_samples_per_second": 142.381,
    "train_steps_per_second": 4.458
}