{
    "epoch": 3.0,
    "eval_combined_score": -0.08372698255739436,
    "eval_loss": 3.164477825164795,
    "eval_pearson": -0.0819598403540766,
    "eval_runtime": 6.726,
    "eval_samples": 1500,
    "eval_samples_per_second": 223.016,
    "eval_spearmanr": -0.08549412476071214,
    "eval_steps_per_second": 27.951,
    "train_loss": 4.715270572238499,
    "train_runtime": 121.479,
    "train_samples": 5749,
    "train_samples_per_second": 141.975,
    "train_steps_per_second": 4.445
}