{
    "epoch": 3.0,
    "eval_accuracy": 0.5,
    "eval_combined_score": 0.5301724137931034,
    "eval_f1": 0.560344827586207,
    "eval_loss": 0.8640365600585938,
    "eval_runtime": 1.8293,
    "eval_samples": 408,
    "eval_samples_per_second": 223.04,
    "eval_steps_per_second": 27.88,
    "train_loss": 1.0250201681385869,
    "train_runtime": 77.8765,
    "train_samples": 3668,
    "train_samples_per_second": 141.301,
    "train_steps_per_second": 4.43
}