{
    "epoch": 3.0,
    "eval_combined_score": 0.06632268824272564,
    "eval_loss": 2.6075000762939453,
    "eval_pearson": 0.06465820863077286,
    "eval_runtime": 6.0818,
    "eval_samples": 1500,
    "eval_samples_per_second": 246.637,
    "eval_spearmanr": 0.06798716785467841,
    "eval_steps_per_second": 30.912,
    "train_loss": 4.293515212447555,
    "train_runtime": 120.8354,
    "train_samples": 5749,
    "train_samples_per_second": 142.731,
    "train_steps_per_second": 4.469
}