{
    "epoch": 3.0,
    "eval_accuracy": 0.6813725490196079,
    "eval_combined_score": 0.7459340879208827,
    "eval_f1": 0.8104956268221574,
    "eval_loss": 0.6419970989227295,
    "eval_runtime": 1.8228,
    "eval_samples": 408,
    "eval_samples_per_second": 223.825,
    "eval_steps_per_second": 27.978,
    "train_loss": 0.6519652435745018,
    "train_runtime": 77.6809,
    "train_samples": 3668,
    "train_samples_per_second": 141.657,
    "train_steps_per_second": 4.441
}