{
    "epoch": 3.0,
    "eval_loss": 0.682342529296875,
    "eval_matthews_correlation": 0.07379529872288974,
    "eval_runtime": 4.3281,
    "eval_samples": 1043,
    "eval_samples_per_second": 240.985,
    "eval_steps_per_second": 30.267,
    "train_loss": 0.9511866213670418,
    "train_runtime": 177.1242,
    "train_samples": 8551,
    "train_samples_per_second": 144.831,
    "train_steps_per_second": 4.539
}