{
    "epoch": 3.0,
    "eval_accuracy": 0.5270758122743683,
    "eval_loss": 1.4984089136123657,
    "eval_runtime": 1.2293,
    "eval_samples": 277,
    "eval_samples_per_second": 225.325,
    "eval_steps_per_second": 28.471,
    "train_loss": 1.5380432911408253,
    "train_runtime": 55.5726,
    "train_samples": 2490,
    "train_samples_per_second": 134.419,
    "train_steps_per_second": 4.211
}