{
    "epoch": 3.0,
    "eval_accuracy": 0.5633802816901409,
    "eval_loss": 1.1452937126159668,
    "eval_runtime": 0.3735,
    "eval_samples": 71,
    "eval_samples_per_second": 190.114,
    "eval_steps_per_second": 24.099,
    "train_loss": 1.3805973052978515,
    "train_runtime": 18.2666,
    "train_samples": 635,
    "train_samples_per_second": 104.289,
    "train_steps_per_second": 3.285
}