{
    "epoch": 3.0,
    "eval_combined_score": 0.24103070958101885,
    "eval_loss": 9.304770469665527,
    "eval_pearson": 0.2536573720612776,
    "eval_runtime": 6.271,
    "eval_samples": 1500,
    "eval_samples_per_second": 239.196,
    "eval_spearmanr": 0.22840404710076015,
    "eval_steps_per_second": 29.979,
    "train_loss": 14.492555010760272,
    "train_runtime": 122.0442,
    "train_samples": 5749,
    "train_samples_per_second": 141.318,
    "train_steps_per_second": 4.425
}