{
    "epoch": 3.0,
    "eval_accuracy": 0.6813725490196079,
    "eval_combined_score": 0.7459340879208827,
    "eval_f1": 0.8104956268221574,
    "eval_loss": 0.6424994468688965,
    "eval_runtime": 1.8001,
    "eval_samples": 408,
    "eval_samples_per_second": 226.649,
    "eval_steps_per_second": 28.331,
    "train_loss": 0.6521449434584465,
    "train_runtime": 78.2531,
    "train_samples": 3668,
    "train_samples_per_second": 140.621,
    "train_steps_per_second": 4.409
}