{
    "epoch": 3.0,
    "eval_combined_score": -0.09491848050320978,
    "eval_loss": 3.2980740070343018,
    "eval_pearson": -0.09393900345238343,
    "eval_runtime": 6.2124,
    "eval_samples": 1500,
    "eval_samples_per_second": 241.454,
    "eval_spearmanr": -0.09589795755403613,
    "eval_steps_per_second": 30.262,
    "train_loss": 4.865628221299914,
    "train_runtime": 121.7811,
    "train_samples": 5749,
    "train_samples_per_second": 141.623,
    "train_steps_per_second": 4.434
}