{
    "epoch": 3.0,
    "eval_accuracy": 0.5024509803921569,
    "eval_combined_score": 0.5320030279930548,
    "eval_f1": 0.5615550755939526,
    "eval_loss": 0.8657002449035645,
    "eval_runtime": 1.7667,
    "eval_samples": 408,
    "eval_samples_per_second": 230.934,
    "eval_steps_per_second": 28.867,
    "train_loss": 1.0262470632359602,
    "train_runtime": 77.232,
    "train_samples": 3668,
    "train_samples_per_second": 142.48,
    "train_steps_per_second": 4.467
}