{
    "epoch": 3.0,
    "eval_accuracy": 0.753966639544345,
    "eval_loss": 0.6032782196998596,
    "eval_runtime": 39.8366,
    "eval_samples": 9832,
    "eval_samples_per_second": 246.808,
    "eval_steps_per_second": 30.851,
    "train_loss": 0.8393462183992534,
    "train_runtime": 7916.2601,
    "train_samples": 392702,
    "train_samples_per_second": 148.821,
    "train_steps_per_second": 4.651
}