{
    "epoch": 3.0,
    "eval_combined_score": 0.2451414786832843,
    "eval_loss": 8.866297721862793,
    "eval_pearson": 0.25814054292056093,
    "eval_runtime": 6.3817,
    "eval_samples": 1500,
    "eval_samples_per_second": 235.046,
    "eval_spearmanr": 0.2321424144460076,
    "eval_steps_per_second": 29.459,
    "train_loss": 14.216800265842014,
    "train_runtime": 120.7822,
    "train_samples": 5749,
    "train_samples_per_second": 142.794,
    "train_steps_per_second": 4.471
}