{
    "epoch": 3.0,
    "eval_accuracy": 0.814936847885777,
    "eval_loss": 0.4216879606246948,
    "eval_runtime": 22.4712,
    "eval_samples": 5463,
    "eval_samples_per_second": 243.111,
    "eval_steps_per_second": 30.394,
    "train_loss": 0.5478043879542179,
    "train_runtime": 2111.2182,
    "train_samples": 104743,
    "train_samples_per_second": 148.838,
    "train_steps_per_second": 4.652
}