{
    "epoch": 3.0,
    "eval_loss": 0.5917785167694092,
    "eval_matthews_correlation": 0.15727244565341028,
    "eval_runtime": 4.4698,
    "eval_samples": 1043,
    "eval_samples_per_second": 233.342,
    "eval_steps_per_second": 29.308,
    "train_loss": 0.6049524943033854,
    "train_runtime": 174.9066,
    "train_samples": 8551,
    "train_samples_per_second": 146.667,
    "train_steps_per_second": 4.597
}