{
    "epoch": 3.0,
    "eval_loss": 0.6829817891120911,
    "eval_matthews_correlation": 0.08769185028392805,
    "eval_runtime": 4.5942,
    "eval_samples": 1043,
    "eval_samples_per_second": 227.025,
    "eval_steps_per_second": 28.514,
    "train_loss": 0.9576337634034418,
    "train_runtime": 175.6733,
    "train_samples": 8551,
    "train_samples_per_second": 146.027,
    "train_steps_per_second": 4.577
}