{
    "epoch": 3.0,
    "eval_accuracy": 0.8311897106109325,
    "eval_combined_score": 0.8052044046859858,
    "eval_f1": 0.779219098761039,
    "eval_loss": 0.35644033551216125,
    "eval_runtime": 165.6255,
    "eval_samples": 40430,
    "eval_samples_per_second": 244.105,
    "eval_steps_per_second": 30.515,
    "train_loss": 0.42409522291664375,
    "train_runtime": 7335.7311,
    "train_samples": 363846,
    "train_samples_per_second": 148.797,
    "train_steps_per_second": 4.65
}