{
    "epoch": 3.0,
    "eval_accuracy": 0.8990825688073395,
    "eval_loss": 0.27226942777633667,
    "eval_runtime": 3.6303,
    "eval_samples": 872,
    "eval_samples_per_second": 240.201,
    "eval_steps_per_second": 30.025,
    "train_loss": 0.38157977589707665,
    "train_runtime": 1355.064,
    "train_samples": 67349,
    "train_samples_per_second": 149.105,
    "train_steps_per_second": 4.66
}