{
    "epoch": 3.0,
    "eval_accuracy": 0.8312144447192679,
    "eval_combined_score": 0.8044599163462129,
    "eval_f1": 0.7777053879731579,
    "eval_loss": 0.36236605048179626,
    "eval_runtime": 164.9193,
    "eval_samples": 40430,
    "eval_samples_per_second": 245.15,
    "eval_steps_per_second": 30.645,
    "train_loss": 0.42183829758687463,
    "train_runtime": 7322.1225,
    "train_samples": 363846,
    "train_samples_per_second": 149.074,
    "train_steps_per_second": 4.659
}