{
    "epoch": 3.0,
    "eval_loss": 0.8134561777114868,
    "eval_matthews_correlation": -0.09707354550377173,
    "eval_runtime": 4.547,
    "eval_samples": 1043,
    "eval_samples_per_second": 229.384,
    "eval_steps_per_second": 28.81,
    "train_loss": 1.616479142981382,
    "train_runtime": 175.2844,
    "train_samples": 8551,
    "train_samples_per_second": 146.351,
    "train_steps_per_second": 4.587
}