{
    "epoch": 3.0,
    "eval_accuracy": 0.7867647058823529,
    "eval_combined_score": 0.8207613178827458,
    "eval_f1": 0.8547579298831386,
    "eval_loss": 0.478060245513916,
    "eval_runtime": 1.3958,
    "eval_samples": 408,
    "eval_samples_per_second": 292.312,
    "eval_steps_per_second": 36.539,
    "train_loss": 0.5273276951002038,
    "train_runtime": 84.3823,
    "train_samples": 3668,
    "train_samples_per_second": 130.406,
    "train_steps_per_second": 4.089
}