{
    "epoch": 3.0,
    "eval_accuracy": 0.9004204798417017,
    "eval_combined_score": 0.884661558709519,
    "eval_f1": 0.8689026375773364,
    "eval_loss": 0.24686437845230103,
    "eval_runtime": 122.3767,
    "eval_samples": 40430,
    "eval_samples_per_second": 330.373,
    "eval_steps_per_second": 41.299,
    "train_loss": 0.2505859136476585,
    "train_runtime": 8659.9725,
    "train_samples": 363846,
    "train_samples_per_second": 126.044,
    "train_steps_per_second": 3.939
}