{
    "epoch": 3.0,
    "eval_accuracy": 0.7745098039215687,
    "eval_combined_score": 0.81233633518554,
    "eval_f1": 0.8501628664495114,
    "eval_loss": 0.49328485131263733,
    "eval_runtime": 1.3425,
    "eval_samples": 408,
    "eval_samples_per_second": 303.917,
    "eval_steps_per_second": 37.99,
    "train_loss": 0.5334827810093976,
    "train_runtime": 84.2144,
    "train_samples": 3668,
    "train_samples_per_second": 130.666,
    "train_steps_per_second": 4.097
}