{
    "epoch": 3.0,
    "eval_accuracy": 0.9009646302250803,
    "eval_combined_score": 0.8852875775848601,
    "eval_f1": 0.8696105249446399,
    "eval_loss": 0.2465299516916275,
    "eval_runtime": 122.4405,
    "eval_samples": 40430,
    "eval_samples_per_second": 330.201,
    "eval_steps_per_second": 41.277,
    "train_loss": 0.2512255320779511,
    "train_runtime": 8624.3453,
    "train_samples": 363846,
    "train_samples_per_second": 126.565,
    "train_steps_per_second": 3.955
}