{
    "epoch": 3.0,
    "eval_combined_score": 0.8557450238492921,
    "eval_loss": 0.6213743686676025,
    "eval_pearson": 0.8557749098783656,
    "eval_runtime": 4.908,
    "eval_samples": 1500,
    "eval_samples_per_second": 305.624,
    "eval_spearmanr": 0.8557151378202186,
    "eval_steps_per_second": 38.305,
    "train_loss": 1.1969982818320946,
    "train_runtime": 137.1015,
    "train_samples": 5749,
    "train_samples_per_second": 125.797,
    "train_steps_per_second": 3.939
}