{
    "epoch": 3.0,
    "eval_combined_score": 0.8402023362282929,
    "eval_loss": 0.6657088994979858,
    "eval_pearson": 0.839728740731253,
    "eval_runtime": 4.9471,
    "eval_samples": 1500,
    "eval_samples_per_second": 303.211,
    "eval_spearmanr": 0.8406759317253327,
    "eval_steps_per_second": 38.002,
    "train_loss": 0.9896164929425275,
    "train_runtime": 137.3406,
    "train_samples": 5749,
    "train_samples_per_second": 125.578,
    "train_steps_per_second": 3.932
}