{
    "epoch": 3.0,
    "eval_accuracy": 0.9415137614678899,
    "eval_loss": 0.24321897327899933,
    "eval_runtime": 2.7783,
    "eval_samples": 872,
    "eval_samples_per_second": 313.857,
    "eval_steps_per_second": 39.232,
    "train_loss": 0.16432439844851823,
    "train_runtime": 1588.4617,
    "train_samples": 67349,
    "train_samples_per_second": 127.197,
    "train_steps_per_second": 3.976
}