{
    "epoch": 3.0,
    "eval_accuracy": 0.7818627450980392,
    "eval_combined_score": 0.8188081958877554,
    "eval_f1": 0.8557536466774717,
    "eval_loss": 0.497594952583313,
    "eval_runtime": 1.4275,
    "eval_samples": 408,
    "eval_samples_per_second": 285.815,
    "eval_steps_per_second": 35.727,
    "train_loss": 0.5067502229110055,
    "train_runtime": 84.5055,
    "train_samples": 3668,
    "train_samples_per_second": 130.216,
    "train_steps_per_second": 4.083
}