{
    "epoch": 3.0,
    "eval_combined_score": 0.8401397507743489,
    "eval_loss": 0.6707396507263184,
    "eval_pearson": 0.8399389864246479,
    "eval_runtime": 4.7726,
    "eval_samples": 1500,
    "eval_samples_per_second": 314.297,
    "eval_spearmanr": 0.8403405151240497,
    "eval_steps_per_second": 39.392,
    "train_loss": 0.8722591506110298,
    "train_runtime": 138.3441,
    "train_samples": 5749,
    "train_samples_per_second": 124.667,
    "train_steps_per_second": 3.903
}