{
    "epoch": 3.0,
    "eval_accuracy": 0.7843137254901961,
    "eval_combined_score": 0.8193091806258928,
    "eval_f1": 0.8543046357615893,
    "eval_loss": 0.487762987613678,
    "eval_runtime": 1.375,
    "eval_samples": 408,
    "eval_samples_per_second": 296.73,
    "eval_steps_per_second": 37.091,
    "train_loss": 0.5001722252887228,
    "train_runtime": 84.9693,
    "train_samples": 3668,
    "train_samples_per_second": 129.506,
    "train_steps_per_second": 4.06
}