{
    "epoch": 3.0,
    "eval_accuracy": 0.8531326281529699,
    "eval_loss": 0.40907517075538635,
    "eval_runtime": 31.1388,
    "eval_samples": 9832,
    "eval_samples_per_second": 315.747,
    "eval_steps_per_second": 39.468,
    "train_loss": 0.407609138007995,
    "train_runtime": 9450.5766,
    "train_samples": 392702,
    "train_samples_per_second": 124.66,
    "train_steps_per_second": 3.896
}