{
    "epoch": 3.0,
    "eval_accuracy": 0.4507042253521127,
    "eval_loss": 0.7421560883522034,
    "eval_runtime": 0.3198,
    "eval_samples": 71,
    "eval_samples_per_second": 222.039,
    "eval_steps_per_second": 28.146,
    "train_loss": 0.7362593332926433,
    "train_runtime": 15.9995,
    "train_samples": 635,
    "train_samples_per_second": 119.067,
    "train_steps_per_second": 3.75
}