{
    "epoch": 3.0,
    "eval_accuracy": 0.9426605504587156,
    "eval_loss": 0.23312388360500336,
    "eval_runtime": 2.8586,
    "eval_samples": 872,
    "eval_samples_per_second": 305.049,
    "eval_steps_per_second": 38.131,
    "train_loss": 0.15024200342802047,
    "train_runtime": 1608.7366,
    "train_samples": 67349,
    "train_samples_per_second": 125.594,
    "train_steps_per_second": 3.925
}