{
    "epoch": 3.0,
    "eval_accuracy": 0.7003610108303249,
    "eval_loss": 0.6083099842071533,
    "eval_runtime": 0.9868,
    "eval_samples": 277,
    "eval_samples_per_second": 280.709,
    "eval_steps_per_second": 35.469,
    "train_loss": 0.6081571008405114,
    "train_runtime": 58.213,
    "train_samples": 2490,
    "train_samples_per_second": 128.322,
    "train_steps_per_second": 4.02
}