{
    "epoch": 3.0,
    "eval_accuracy": 0.9024981449418749,
    "eval_combined_score": 0.8869968883530602,
    "eval_f1": 0.8714956317642456,
    "eval_loss": 0.24511976540088654,
    "eval_runtime": 128.4307,
    "eval_samples": 40430,
    "eval_samples_per_second": 314.8,
    "eval_steps_per_second": 39.352,
    "train_loss": 0.24373929034338127,
    "train_runtime": 8715.3163,
    "train_samples": 363846,
    "train_samples_per_second": 125.244,
    "train_steps_per_second": 3.914
}