{
    "epoch": 3.0,
    "eval_accuracy": 0.4225352112676056,
    "eval_loss": 0.7589125633239746,
    "eval_runtime": 0.3232,
    "eval_samples": 71,
    "eval_samples_per_second": 219.645,
    "eval_steps_per_second": 27.842,
    "train_loss": 0.7760481516520182,
    "train_runtime": 15.9834,
    "train_samples": 635,
    "train_samples_per_second": 119.186,
    "train_steps_per_second": 3.754
}