{
    "epoch": 3.0,
    "eval_combined_score": 0.8650599207746359,
    "eval_loss": 0.5633320212364197,
    "eval_pearson": 0.8663317284140928,
    "eval_runtime": 5.03,
    "eval_samples": 1500,
    "eval_samples_per_second": 298.213,
    "eval_spearmanr": 0.8637881131351789,
    "eval_steps_per_second": 37.376,
    "train_loss": 1.0394408543904623,
    "train_runtime": 138.8449,
    "train_samples": 5749,
    "train_samples_per_second": 124.218,
    "train_steps_per_second": 3.889
}