{
    "epoch": 3.0,
    "eval_combined_score": 0.847793496135159,
    "eval_loss": 0.6352351903915405,
    "eval_pearson": 0.8472413577499622,
    "eval_runtime": 5.3912,
    "eval_samples": 1500,
    "eval_samples_per_second": 278.229,
    "eval_spearmanr": 0.8483456345203558,
    "eval_steps_per_second": 34.871,
    "train_loss": 0.8872689141167535,
    "train_runtime": 138.7554,
    "train_samples": 5749,
    "train_samples_per_second": 124.298,
    "train_steps_per_second": 3.892
}