{
    "epoch": 3.0,
    "eval_accuracy": 0.9438073394495413,
    "eval_loss": 0.23235705494880676,
    "eval_runtime": 2.8292,
    "eval_samples": 872,
    "eval_samples_per_second": 308.214,
    "eval_steps_per_second": 38.527,
    "train_loss": 0.15398711070878487,
    "train_runtime": 1602.3251,
    "train_samples": 67349,
    "train_samples_per_second": 126.096,
    "train_steps_per_second": 3.941
}