{
    "epoch": 3.0,
    "eval_accuracy": 0.7652563059397884,
    "eval_loss": 0.5824832320213318,
    "eval_runtime": 39.445,
    "eval_samples": 9832,
    "eval_samples_per_second": 249.259,
    "eval_steps_per_second": 31.157,
    "train_loss": 0.75191895229202,
    "train_runtime": 7932.5942,
    "train_samples": 392702,
    "train_samples_per_second": 148.515,
    "train_steps_per_second": 4.641
}