{
    "epoch": 3.0,
    "eval_loss": 0.6376796364784241,
    "eval_matthews_correlation": -0.013669315016802276,
    "eval_runtime": 4.3039,
    "eval_samples": 1043,
    "eval_samples_per_second": 242.336,
    "eval_steps_per_second": 30.437,
    "train_loss": 0.7969641234744248,
    "train_runtime": 174.6593,
    "train_samples": 8551,
    "train_samples_per_second": 146.874,
    "train_steps_per_second": 4.603
}