{
    "epoch": 3.0,
    "eval_accuracy": 0.8313381152609448,
    "eval_combined_score": 0.8049530323016852,
    "eval_f1": 0.7785679493424257,
    "eval_loss": 0.3583582639694214,
    "eval_runtime": 158.1187,
    "eval_samples": 40430,
    "eval_samples_per_second": 255.694,
    "eval_steps_per_second": 31.963,
    "train_loss": 0.4112199192831574,
    "train_runtime": 7275.718,
    "train_samples": 363846,
    "train_samples_per_second": 150.025,
    "train_steps_per_second": 4.689
}