{
    "epoch": 3.0,
    "eval_accuracy": 0.4084507042253521,
    "eval_loss": 0.7410776019096375,
    "eval_runtime": 0.3388,
    "eval_samples": 71,
    "eval_samples_per_second": 209.569,
    "eval_steps_per_second": 26.565,
    "train_loss": 0.7474534352620442,
    "train_runtime": 15.7821,
    "train_samples": 635,
    "train_samples_per_second": 120.707,
    "train_steps_per_second": 3.802
}