{
    "epoch": 3.0,
    "eval_combined_score": 0.8680181381250862,
    "eval_loss": 0.5565495491027832,
    "eval_pearson": 0.8691393833922838,
    "eval_runtime": 4.7578,
    "eval_samples": 1500,
    "eval_samples_per_second": 315.272,
    "eval_spearmanr": 0.8668968928578886,
    "eval_steps_per_second": 39.514,
    "train_loss": 1.075742855778447,
    "train_runtime": 137.21,
    "train_samples": 5749,
    "train_samples_per_second": 125.698,
    "train_steps_per_second": 3.936
}