{
    "epoch": 3.0,
    "eval_loss": 0.48839518427848816,
    "eval_matthews_correlation": 0.5318380398617779,
    "eval_runtime": 3.398,
    "eval_samples": 1043,
    "eval_samples_per_second": 306.943,
    "eval_steps_per_second": 38.552,
    "train_loss": 0.449338799092307,
    "train_runtime": 199.6962,
    "train_samples": 8551,
    "train_samples_per_second": 128.46,
    "train_steps_per_second": 4.026
}