{
    "epoch": 3.0,
    "eval_loss": 0.4846992492675781,
    "eval_matthews_correlation": 0.499588865878389,
    "eval_runtime": 3.3766,
    "eval_samples": 1043,
    "eval_samples_per_second": 308.89,
    "eval_steps_per_second": 38.796,
    "train_loss": 0.4298676068509989,
    "train_runtime": 199.4467,
    "train_samples": 8551,
    "train_samples_per_second": 128.621,
    "train_steps_per_second": 4.031
}