{
    "epoch": 3.0,
    "eval_accuracy": 0.9369266055045872,
    "eval_loss": 0.2605287730693817,
    "eval_runtime": 2.8538,
    "eval_samples": 872,
    "eval_samples_per_second": 305.562,
    "eval_steps_per_second": 38.195,
    "train_loss": 0.15317722963890384,
    "train_runtime": 1591.0412,
    "train_samples": 67349,
    "train_samples_per_second": 126.99,
    "train_steps_per_second": 3.969
}