{
    "epoch": 3.0,
    "eval_accuracy": 0.38028169014084506,
    "eval_loss": 0.7644975185394287,
    "eval_runtime": 0.3343,
    "eval_samples": 71,
    "eval_samples_per_second": 212.353,
    "eval_steps_per_second": 26.918,
    "train_loss": 0.7923297246297201,
    "train_runtime": 15.798,
    "train_samples": 635,
    "train_samples_per_second": 120.585,
    "train_steps_per_second": 3.798
}