{
    "epoch": 3.0,
    "eval_accuracy": 0.8495728234336859,
    "eval_loss": 0.4076540172100067,
    "eval_runtime": 30.0264,
    "eval_samples": 9832,
    "eval_samples_per_second": 327.445,
    "eval_steps_per_second": 40.931,
    "train_loss": 0.41175771764649977,
    "train_runtime": 9336.8872,
    "train_samples": 392702,
    "train_samples_per_second": 126.178,
    "train_steps_per_second": 3.943
}