{
    "epoch": 3.0,
    "eval_accuracy": 0.6931407942238267,
    "eval_loss": 0.6049265265464783,
    "eval_runtime": 0.9858,
    "eval_samples": 277,
    "eval_samples_per_second": 280.991,
    "eval_steps_per_second": 35.504,
    "train_loss": 0.5898921347071981,
    "train_runtime": 57.7722,
    "train_samples": 2490,
    "train_samples_per_second": 129.301,
    "train_steps_per_second": 4.05
}