{
    "epoch": 3.0,
    "eval_accuracy": 0.7720588235294118,
    "eval_combined_score": 0.8089149839040093,
    "eval_f1": 0.8457711442786069,
    "eval_loss": 0.4843696057796478,
    "eval_runtime": 1.3555,
    "eval_samples": 408,
    "eval_samples_per_second": 300.989,
    "eval_steps_per_second": 37.624,
    "train_loss": 0.5048905082370924,
    "train_runtime": 84.0507,
    "train_samples": 3668,
    "train_samples_per_second": 130.921,
    "train_steps_per_second": 4.105
}