{
    "epoch": 3.0,
    "eval_combined_score": 0.2443329667061094,
    "eval_loss": 8.977429389953613,
    "eval_pearson": 0.2571507685088455,
    "eval_runtime": 6.6445,
    "eval_samples": 1500,
    "eval_samples_per_second": 225.751,
    "eval_spearmanr": 0.23151516490337332,
    "eval_steps_per_second": 28.294,
    "train_loss": 14.297229286476417,
    "train_runtime": 120.4623,
    "train_samples": 5749,
    "train_samples_per_second": 143.173,
    "train_steps_per_second": 4.483
}