{
    "epoch": 3.0,
    "eval_accuracy": 0.5,
    "eval_combined_score": 0.5292207792207793,
    "eval_f1": 0.5584415584415585,
    "eval_loss": 0.8659934401512146,
    "eval_runtime": 1.7742,
    "eval_samples": 408,
    "eval_samples_per_second": 229.958,
    "eval_steps_per_second": 28.745,
    "train_loss": 1.0265079221863678,
    "train_runtime": 77.3345,
    "train_samples": 3668,
    "train_samples_per_second": 142.291,
    "train_steps_per_second": 4.461
}