{
    "epoch": 3.0,
    "eval_accuracy": 0.8153029470986637,
    "eval_loss": 0.429309606552124,
    "eval_runtime": 22.9709,
    "eval_samples": 5463,
    "eval_samples_per_second": 237.823,
    "eval_steps_per_second": 29.733,
    "train_loss": 0.5653702851056421,
    "train_runtime": 2117.6866,
    "train_samples": 104743,
    "train_samples_per_second": 148.383,
    "train_steps_per_second": 4.638
}