{
    "epoch": 3.0,
    "eval_accuracy": 0.8314617858026219,
    "eval_combined_score": 0.8057069957237613,
    "eval_f1": 0.7799522056449008,
    "eval_loss": 0.35623687505722046,
    "eval_runtime": 168.3484,
    "eval_samples": 40430,
    "eval_samples_per_second": 240.157,
    "eval_steps_per_second": 30.021,
    "train_loss": 0.42381611160548044,
    "train_runtime": 7340.2652,
    "train_samples": 363846,
    "train_samples_per_second": 148.706,
    "train_steps_per_second": 4.647
}