{
    "epoch": 3.0,
    "eval_accuracy": 0.8346772198862231,
    "eval_combined_score": 0.8083437629011705,
    "eval_f1": 0.7820103059161178,
    "eval_loss": 0.35197383165359497,
    "eval_runtime": 165.1984,
    "eval_samples": 40430,
    "eval_samples_per_second": 244.736,
    "eval_steps_per_second": 30.594,
    "train_loss": 0.4172483901635354,
    "train_runtime": 7327.0976,
    "train_samples": 363846,
    "train_samples_per_second": 148.973,
    "train_steps_per_second": 4.656
}