{
    "epoch": 3.0,
    "eval_accuracy": 0.7637306753458096,
    "eval_loss": 0.5756728649139404,
    "eval_runtime": 40.2229,
    "eval_samples": 9832,
    "eval_samples_per_second": 244.438,
    "eval_steps_per_second": 30.555,
    "train_loss": 0.7653799007271539,
    "train_runtime": 7904.7253,
    "train_samples": 392702,
    "train_samples_per_second": 149.038,
    "train_steps_per_second": 4.657
}