{
    "epoch": 3.0,
    "eval_combined_score": 0.06637161937920161,
    "eval_loss": 2.609034776687622,
    "eval_pearson": 0.06475109403196722,
    "eval_runtime": 6.3424,
    "eval_samples": 1500,
    "eval_samples_per_second": 236.504,
    "eval_spearmanr": 0.06799214472643599,
    "eval_steps_per_second": 29.642,
    "train_loss": 4.296830184371383,
    "train_runtime": 120.6387,
    "train_samples": 5749,
    "train_samples_per_second": 142.964,
    "train_steps_per_second": 4.476
}