{
    "epoch": 3.0,
    "eval_accuracy": 0.7635272579332791,
    "eval_loss": 0.575393557548523,
    "eval_runtime": 40.5692,
    "eval_samples": 9832,
    "eval_samples_per_second": 242.351,
    "eval_steps_per_second": 30.294,
    "train_loss": 0.7646607813862084,
    "train_runtime": 7911.3183,
    "train_samples": 392702,
    "train_samples_per_second": 148.914,
    "train_steps_per_second": 4.654
}