{
    "epoch": 3.0,
    "eval_accuracy": 0.8346772198862231,
    "eval_combined_score": 0.8083437629011705,
    "eval_f1": 0.7820103059161178,
    "eval_loss": 0.3519034683704376,
    "eval_runtime": 165.0726,
    "eval_samples": 40430,
    "eval_samples_per_second": 244.923,
    "eval_steps_per_second": 30.617,
    "train_loss": 0.4171999086299435,
    "train_runtime": 7330.7947,
    "train_samples": 363846,
    "train_samples_per_second": 148.898,
    "train_steps_per_second": 4.653
}