{
    "epoch": 3.0,
    "eval_accuracy": 0.6372549019607843,
    "eval_combined_score": 0.7044299201161945,
    "eval_f1": 0.7716049382716049,
    "eval_loss": 0.8598111271858215,
    "eval_runtime": 1.8125,
    "eval_samples": 408,
    "eval_samples_per_second": 225.108,
    "eval_steps_per_second": 28.138,
    "train_loss": 0.9122706316519474,
    "train_runtime": 77.4147,
    "train_samples": 3668,
    "train_samples_per_second": 142.144,
    "train_steps_per_second": 4.457
}