{
    "epoch": 3.0,
    "eval_combined_score": 0.06627116744766698,
    "eval_loss": 2.6053545475006104,
    "eval_pearson": 0.06455933786203552,
    "eval_runtime": 6.3249,
    "eval_samples": 1500,
    "eval_samples_per_second": 237.158,
    "eval_spearmanr": 0.06798299703329845,
    "eval_steps_per_second": 29.724,
    "train_loss": 4.290643564860026,
    "train_runtime": 120.808,
    "train_samples": 5749,
    "train_samples_per_second": 142.764,
    "train_steps_per_second": 4.47
}