{
    "epoch": 3.0,
    "eval_accuracy": 0.4729241877256318,
    "eval_loss": 1.9778484106063843,
    "eval_runtime": 1.3284,
    "eval_samples": 277,
    "eval_samples_per_second": 208.522,
    "eval_steps_per_second": 26.348,
    "train_loss": 1.905374510675414,
    "train_runtime": 54.5416,
    "train_samples": 2490,
    "train_samples_per_second": 136.96,
    "train_steps_per_second": 4.29
}