{
    "epoch": 3.0,
    "eval_accuracy": 0.6813725490196079,
    "eval_combined_score": 0.7459340879208827,
    "eval_f1": 0.8104956268221574,
    "eval_loss": 0.6419154405593872,
    "eval_runtime": 1.7643,
    "eval_samples": 408,
    "eval_samples_per_second": 231.251,
    "eval_steps_per_second": 28.906,
    "train_loss": 0.6519589189170063,
    "train_runtime": 77.397,
    "train_samples": 3668,
    "train_samples_per_second": 142.176,
    "train_steps_per_second": 4.458
}