{
    "epoch": 3.0,
    "eval_accuracy": 0.8998718652754897,
    "eval_loss": 0.26335906982421875,
    "eval_runtime": 17.404,
    "eval_samples": 5463,
    "eval_samples_per_second": 313.894,
    "eval_steps_per_second": 39.244,
    "train_loss": 0.29172098590506723,
    "train_runtime": 2518.8665,
    "train_samples": 104743,
    "train_samples_per_second": 124.75,
    "train_steps_per_second": 3.899
}