{
    "epoch": 3.0,
    "eval_accuracy": 0.7720588235294118,
    "eval_combined_score": 0.8084000294608662,
    "eval_f1": 0.8447412353923205,
    "eval_loss": 0.4900851547718048,
    "eval_runtime": 1.4017,
    "eval_samples": 408,
    "eval_samples_per_second": 291.072,
    "eval_steps_per_second": 36.384,
    "train_loss": 0.4898208397022192,
    "train_runtime": 84.7027,
    "train_samples": 3668,
    "train_samples_per_second": 129.913,
    "train_steps_per_second": 4.073
}