{
    "epoch": 3.0,
    "eval_loss": 0.4853096604347229,
    "eval_matthews_correlation": 0.4957241515216811,
    "eval_runtime": 3.4741,
    "eval_samples": 1043,
    "eval_samples_per_second": 300.222,
    "eval_steps_per_second": 37.708,
    "train_loss": 0.4236342491795175,
    "train_runtime": 203.7018,
    "train_samples": 8551,
    "train_samples_per_second": 125.934,
    "train_steps_per_second": 3.947
}