{
    "epoch": 3.0,
    "eval_accuracy": 0.9380733944954128,
    "eval_loss": 0.2583993077278137,
    "eval_runtime": 2.8696,
    "eval_samples": 872,
    "eval_samples_per_second": 303.872,
    "eval_steps_per_second": 37.984,
    "train_loss": 0.1497511313250399,
    "train_runtime": 1602.9768,
    "train_samples": 67349,
    "train_samples_per_second": 126.045,
    "train_steps_per_second": 3.94
}