{
    "epoch": 3.0,
    "eval_accuracy": 0.9005441503833786,
    "eval_combined_score": 0.8848452796565272,
    "eval_f1": 0.8691464089296757,
    "eval_loss": 0.24797794222831726,
    "eval_runtime": 127.7953,
    "eval_samples": 40430,
    "eval_samples_per_second": 316.365,
    "eval_steps_per_second": 39.548,
    "train_loss": 0.2517414998243573,
    "train_runtime": 8707.1275,
    "train_samples": 363846,
    "train_samples_per_second": 125.361,
    "train_steps_per_second": 3.918
}