{
    "epoch": 3.0,
    "eval_accuracy": 0.9007871133077063,
    "eval_loss": 0.25863638520240784,
    "eval_runtime": 17.4279,
    "eval_samples": 5463,
    "eval_samples_per_second": 313.462,
    "eval_steps_per_second": 39.19,
    "train_loss": 0.2928769875388358,
    "train_runtime": 2520.2823,
    "train_samples": 104743,
    "train_samples_per_second": 124.68,
    "train_steps_per_second": 3.897
}