{
    "epoch": 3.0,
    "eval_accuracy": 0.853539462978031,
    "eval_loss": 0.4032111167907715,
    "eval_runtime": 31.2383,
    "eval_samples": 9832,
    "eval_samples_per_second": 314.742,
    "eval_steps_per_second": 39.343,
    "train_loss": 0.4082436097388369,
    "train_runtime": 9422.6056,
    "train_samples": 392702,
    "train_samples_per_second": 125.03,
    "train_steps_per_second": 3.907
}