{
    "epoch": 3.0,
    "eval_loss": 0.49301204085350037,
    "eval_matthews_correlation": 0.5126585716376069,
    "eval_runtime": 3.4097,
    "eval_samples": 1043,
    "eval_samples_per_second": 305.889,
    "eval_steps_per_second": 38.419,
    "train_loss": 0.44500112770801753,
    "train_runtime": 201.2842,
    "train_samples": 8551,
    "train_samples_per_second": 127.447,
    "train_steps_per_second": 3.994
}