{
    "epoch": 3.0,
    "eval_accuracy": 0.9017808558001484,
    "eval_combined_score": 0.8867737876055672,
    "eval_f1": 0.8717667194109859,
    "eval_loss": 0.24697253108024597,
    "eval_runtime": 128.7175,
    "eval_samples": 40430,
    "eval_samples_per_second": 314.099,
    "eval_steps_per_second": 39.264,
    "train_loss": 0.24526658333676146,
    "train_runtime": 8745.2852,
    "train_samples": 363846,
    "train_samples_per_second": 124.814,
    "train_steps_per_second": 3.901
}