{
    "epoch": 3.0,
    "eval_combined_score": 0.04185687016551845,
    "eval_loss": 2.711031913757324,
    "eval_pearson": 0.040929321163367886,
    "eval_runtime": 6.3302,
    "eval_samples": 1500,
    "eval_samples_per_second": 236.959,
    "eval_spearmanr": 0.042784419167669015,
    "eval_steps_per_second": 29.699,
    "train_loss": 4.486780915436921,
    "train_runtime": 121.0478,
    "train_samples": 5749,
    "train_samples_per_second": 142.481,
    "train_steps_per_second": 4.461
}