{
    "epoch": 3.0,
    "eval_accuracy": 0.8300272075191689,
    "eval_combined_score": 0.8041820445053428,
    "eval_f1": 0.7783368814915167,
    "eval_loss": 0.3606586754322052,
    "eval_runtime": 163.6352,
    "eval_samples": 40430,
    "eval_samples_per_second": 247.074,
    "eval_steps_per_second": 30.886,
    "train_loss": 0.4378121032482247,
    "train_runtime": 7307.0347,
    "train_samples": 363846,
    "train_samples_per_second": 149.382,
    "train_steps_per_second": 4.669
}