{
    "epoch": 3.0,
    "eval_accuracy": 0.4534313725490196,
    "eval_combined_score": 0.46559156449465033,
    "eval_f1": 0.477751756440281,
    "eval_loss": 0.9317941665649414,
    "eval_runtime": 1.8346,
    "eval_samples": 408,
    "eval_samples_per_second": 222.397,
    "eval_steps_per_second": 27.8,
    "train_loss": 0.9921076235563858,
    "train_runtime": 77.5557,
    "train_samples": 3668,
    "train_samples_per_second": 141.885,
    "train_steps_per_second": 4.448
}