{
    "epoch": 3.0,
    "eval_accuracy": 0.7463384865744508,
    "eval_loss": 0.6172183752059937,
    "eval_runtime": 40.2468,
    "eval_samples": 9832,
    "eval_samples_per_second": 244.293,
    "eval_steps_per_second": 30.537,
    "train_loss": 0.814698314625302,
    "train_runtime": 7901.4869,
    "train_samples": 392702,
    "train_samples_per_second": 149.099,
    "train_steps_per_second": 4.659
}