{
    "epoch": 3.0,
    "eval_accuracy": 0.5270758122743683,
    "eval_loss": 1.498242735862732,
    "eval_runtime": 1.2426,
    "eval_samples": 277,
    "eval_samples_per_second": 222.924,
    "eval_steps_per_second": 28.167,
    "train_loss": 1.3832774366069043,
    "train_runtime": 54.6279,
    "train_samples": 2490,
    "train_samples_per_second": 136.743,
    "train_steps_per_second": 4.284
}