{
    "epoch": 3.0,
    "eval_accuracy": 0.4225352112676056,
    "eval_loss": 0.8290009498596191,
    "eval_runtime": 0.4139,
    "eval_samples": 71,
    "eval_samples_per_second": 171.519,
    "eval_steps_per_second": 21.742,
    "train_loss": 0.7476516723632812,
    "train_runtime": 18.2549,
    "train_samples": 635,
    "train_samples_per_second": 104.355,
    "train_steps_per_second": 3.287
}