{
    "epoch": 3.0,
    "eval_accuracy": 0.8068826652022698,
    "eval_loss": 0.4544535279273987,
    "eval_runtime": 23.84,
    "eval_samples": 5463,
    "eval_samples_per_second": 229.153,
    "eval_steps_per_second": 28.649,
    "train_loss": 0.5910441049658531,
    "train_runtime": 2119.3838,
    "train_samples": 104743,
    "train_samples_per_second": 148.264,
    "train_steps_per_second": 4.634
}