{
    "epoch": 3.0,
    "eval_accuracy": 0.8335641850111304,
    "eval_combined_score": 0.8101857613583359,
    "eval_f1": 0.7868073377055412,
    "eval_loss": 0.35606279969215393,
    "eval_runtime": 161.7063,
    "eval_samples": 40430,
    "eval_samples_per_second": 250.021,
    "eval_steps_per_second": 31.254,
    "train_loss": 0.4067832876998342,
    "train_runtime": 7312.5793,
    "train_samples": 363846,
    "train_samples_per_second": 149.269,
    "train_steps_per_second": 4.665
}