{
    "epoch": 3.0,
    "eval_accuracy": 0.5306859205776173,
    "eval_loss": 0.7358050346374512,
    "eval_runtime": 1.2145,
    "eval_samples": 277,
    "eval_samples_per_second": 228.081,
    "eval_steps_per_second": 28.819,
    "train_loss": 0.8620632204235109,
    "train_runtime": 55.1286,
    "train_samples": 2490,
    "train_samples_per_second": 135.501,
    "train_steps_per_second": 4.245
}