{
    "epoch": 3.0,
    "eval_accuracy": 0.6838235294117647,
    "eval_combined_score": 0.7474754543105675,
    "eval_f1": 0.8111273792093704,
    "eval_loss": 0.6218915581703186,
    "eval_runtime": 1.7883,
    "eval_samples": 408,
    "eval_samples_per_second": 228.151,
    "eval_steps_per_second": 28.519,
    "train_loss": 0.6446262083191803,
    "train_runtime": 76.8256,
    "train_samples": 3668,
    "train_samples_per_second": 143.233,
    "train_steps_per_second": 4.491
}