{
    "epoch": 3.0,
    "eval_accuracy": 0.6323529411764706,
    "eval_combined_score": 0.6971288515406162,
    "eval_f1": 0.761904761904762,
    "eval_loss": 0.6731247305870056,
    "eval_runtime": 1.7376,
    "eval_samples": 408,
    "eval_samples_per_second": 234.807,
    "eval_steps_per_second": 29.351,
    "train_loss": 0.7109941565472147,
    "train_runtime": 77.2356,
    "train_samples": 3668,
    "train_samples_per_second": 142.473,
    "train_steps_per_second": 4.467
}