{
    "epoch": 3.0,
    "eval_accuracy": 0.6714801444043321,
    "eval_loss": 0.627935528755188,
    "eval_runtime": 1.023,
    "eval_samples": 277,
    "eval_samples_per_second": 270.77,
    "eval_steps_per_second": 34.213,
    "train_loss": 0.6350873637403178,
    "train_runtime": 58.4342,
    "train_samples": 2490,
    "train_samples_per_second": 127.836,
    "train_steps_per_second": 4.005
}