{
    "epoch": 3.0,
    "eval_accuracy": 0.7622549019607843,
    "eval_combined_score": 0.802775270043397,
    "eval_f1": 0.8432956381260097,
    "eval_loss": 0.5164585709571838,
    "eval_runtime": 1.4446,
    "eval_samples": 408,
    "eval_samples_per_second": 282.434,
    "eval_steps_per_second": 35.304,
    "train_loss": 0.5298592387766078,
    "train_runtime": 85.3919,
    "train_samples": 3668,
    "train_samples_per_second": 128.865,
    "train_steps_per_second": 4.04
}