{
    "epoch": 3.0,
    "eval_accuracy": 0.6678700361010831,
    "eval_loss": 0.6173276305198669,
    "eval_runtime": 0.9895,
    "eval_samples": 277,
    "eval_samples_per_second": 279.927,
    "eval_steps_per_second": 35.37,
    "train_loss": 0.6574461847288996,
    "train_runtime": 58.1792,
    "train_samples": 2490,
    "train_samples_per_second": 128.396,
    "train_steps_per_second": 4.022
}