{
    "epoch": 3.0,
    "eval_accuracy": 0.7148014440433214,
    "eval_loss": 0.5913581252098083,
    "eval_runtime": 1.0101,
    "eval_samples": 277,
    "eval_samples_per_second": 274.226,
    "eval_steps_per_second": 34.649,
    "train_loss": 0.6170531704894497,
    "train_runtime": 58.4101,
    "train_samples": 2490,
    "train_samples_per_second": 127.889,
    "train_steps_per_second": 4.006
}