{
    "epoch": 3.0,
    "eval_loss": 0.5268661975860596,
    "eval_matthews_correlation": 0.449682615733785,
    "eval_runtime": 3.4278,
    "eval_samples": 1043,
    "eval_samples_per_second": 304.281,
    "eval_steps_per_second": 38.217,
    "train_loss": 0.4609267201589708,
    "train_runtime": 201.6357,
    "train_samples": 8551,
    "train_samples_per_second": 127.225,
    "train_steps_per_second": 3.987
}